#,🧩 Block Name,🪄 Prompt,✅ Includes,📝 Description
1,Success Confirmation Toast,Show a short confirmation toast after a successful user action like saving a form or sending a message.,"✅ UX Feedback, ✅ Auto Dismiss","Displays a brief success message after users complete an action, reinforcing that it was successful."
2,Error Message Banner,"Display a sticky error banner at the top of the screen when something goes wrong (e.g., failed form submission).","✅ Error UX, ✅ Sticky Banner",Provides a persistent error message at the top of the page until the user dismisses or fixes the issue.
3,Form Submission Feedback,Add visual indicators like loading spinners and success messages when a user submits a form.,"✅ UX States, ✅ Loading Feedback",Improves clarity around form submissions with real-time visual updates for success or error.
4,Feedback Prompt Modal,Show a modal asking users to rate their experience or give feedback after completing a key action.,"✅ UX Modal, ✅ User Feedback",Triggers a pop-up asking for user feedback to capture insights right after task completion.
5,Dismissible Alert Card,Add an alert box with important info that users can manually close to dismiss it.,"✅ UX Alert, ✅ Dismiss UX",Displays an alert that remains visible until the user manually dismisses it.
6,Real-Time System Status Indicator,Show a colored dot or status bar that updates in real time to reflect system health or connectivity.,"✅ Realtime UX, ✅ Status Monitoring",Keeps users informed of live system or connection status using clear visual indicators.
7,Submission Receipt Email,Send a confirmation email with summary details when a user submits a form or completes an action.,"✅ Email API, ✅ Confirmation","Emails a receipt or summary of submitted data, reassuring users their action was received."
8,Feedback Emoji Reactions,Allow users to leave quick emoji reactions (like 👍 or 👎) on content or features.,"✅ Reaction UX, ✅ Lightweight Feedback",Lets users share quick impressions using emoji reactions to gauge sentiment.
9,Progress-Based Encouragement,Show encouraging messages (like 'You're halfway there!') as users complete steps in a flow.,"✅ UX Nudges, ✅ Step Tracking",Motivates users during multi-step processes by acknowledging progress with positive feedback.
10,Outage Alert Strip,"Add a top-of-page strip that shows during outages or critical issues, with optional links to status pages.","✅ Alert UX, ✅ Incident Comms",Notifies users of disruptions using a non-intrusive but visible banner at the top of the screen.
11,Session Timeout Warning,Warn users with a countdown modal before their session expires due to inactivity.,"✅ UX Modal, ✅ Timer Logic","Alerts users their session is about to expire, allowing them to extend it in time."
12,Anonymous Feedback Form,Embed a short feedback form that users can fill without logging in. Include a thank-you screen.,"✅ Form UX, ✅ Anonymity","Collects user feedback without requiring authentication, lowering friction for responses."
13,Interactive Satisfaction Meter,Add a slider or meter that lets users rate how satisfied they are with a feature or page.,"✅ Slider UX, ✅ Feedback Logic",Provides an intuitive rating tool where users can express satisfaction levels visually.
14,Post-Interaction Survey,Trigger a short survey after user completes a key flow (like checkout or onboarding).,"✅ UX Trigger, ✅ Survey Flow",Gathers structured feedback after major actions to measure user experience.
15,Comment with Emoji Support,Let users leave short comments on content with built-in emoji picker for emotional tone.,"✅ UX Input, ✅ Emoji Picker","Enables rich, expressive feedback by combining text comments with emojis."
16,Sentiment Feedback Button,Add a thumbs up/down button on content blocks to capture quick sentiment signals.,"✅ Sentiment UX, ✅ Inline Feedback",Offers binary feedback for users to quickly express content relevance or helpfulness.
17,Feedback Badge + Counter,Show a badge with the number of total feedback entries and allow users to view them.,"✅ UX Counter, ✅ Badge Display",Highlights how many users gave feedback and offers social proof or transparency.
18,Reaction-Based Poll,"Create a poll where users vote by selecting a reaction emoji, with results shown after.","✅ Poll Logic, ✅ Emoji UX",Uses emoji reactions for voting to create fun and engaging polls with instant results.
19,Smart Follow-Up Prompt,Automatically prompt users to leave feedback if they haven’t after completing a task.,"✅ Smart Trigger, ✅ UX Nudge","Gently nudges users to share feedback if skipped initially, based on interaction history."
20,Live Chat Feedback Score,Let users rate their live chat support experience with stars or a 1–5 scale post-session.,"✅ Support UX, ✅ Rating System",Collects immediate user ratings after live chat interactions to measure support quality.
21,UI Behavior Recorder Feedback,Capture user clicks and scroll behavior during a session to identify UX friction.,"✅ UX Analytics, ✅ Session Tracking",Passively collects user interaction data to find usability issues based on behavior.
22,Thank You Confirmation Card,Display a full-screen or card-style thank you message after form or feedback submission.,"✅ UX Closure, ✅ Visual Confirmation",Gives users a sense of completion and appreciation after they’ve shared feedback.
23,Opt-Out Feedback Link,Add a subtle 'Give Feedback' link to opt-out flows asking why the user is leaving.,"✅ Exit Feedback, ✅ Link UI",Helps understand why users leave by prompting lightweight feedback during opt-outs.
24,Contextual Feedback Tooltip,Add small tooltips prompting feedback near new or updated features.,"✅ UX Tooltip, ✅ Feature Feedback",Provides targeted prompts for feedback where new features are introduced.
25,Mood Check-In Block,Let users log their current mood using icons or words to reflect emotional state.,"✅ Mood Input, ✅ Lightweight UX",Captures emotional tone through quick check-ins to support empathy-driven design.
26,Inline Status Feedback,"Display a tiny success, error, or pending icon next to actions (like sending, saving, etc.) in real-time.","✅ Inline UX, ✅ Status Indicator",Gives users instant visual cues about action status without breaking flow or using popups.
27,Auto-Save Notification Bar,Show a subtle bar or label confirming that changes were auto-saved periodically.,"✅ UX Assurance, ✅ Auto-Save Logic",Visually confirms data is saved automatically without user needing to take manual action.
28,Feedback Slider on Page Exit,Add a subtle slider asking for page feedback when the user moves to exit or close the tab.,"✅ Exit Intent, ✅ Feedback Capture","Gathers feedback just before users leave, helping understand drop-off reasons."
29,Time-Limited Feedback Form,Show a short feedback prompt that disappears if the user doesn’t interact within a few seconds.,"✅ Timed UI, ✅ Passive Feedback",Offers feedback prompts that gracefully expire to avoid disrupting the user experience.
30,Voice Feedback Button,Let users record short voice messages to leave spoken feedback instead of typing.,"✅ Voice Input, ✅ Feedback UX",Allows expressive feedback using voice for users who prefer not to type.
31,Multi-Channel Notification Settings,"Build a settings panel where users choose which types of alerts they receive via email, SMS, or in-app.","✅ Notification Settings, ✅ Channel Preferences",Empowers users to control how and where they receive different types of alerts.
32,Celebration Animation,"Trigger a fun animation (e.g., confetti, emoji burst) when users achieve a milestone or goal.","✅ UX Delight, ✅ Visual Feedback",Adds emotional reward and positive reinforcement through playful animations.
33,Feedback History Viewer,Add a tab or panel where users can view feedback they’ve submitted previously.,"✅ UX Recall, ✅ Feedback Storage",Provides transparency by allowing users to see and revisit past feedback entries.
34,Delayed Feedback Prompt,Trigger a feedback request only after the user has spent meaningful time using a feature.,"✅ Smart Timing, ✅ UX Trigger",Uses engagement-based timing to avoid premature or intrusive feedback prompts.
35,Feature-Specific Thumbs Prompt,"Display thumbs up/down just under new or beta features for quick, contextual feedback.","✅ Contextual UX, ✅ Micro Feedback",Captures sentiment about specific UI features without pulling users away from context.
36,Delayed Toast Retry,"Show a retry option in a toast when an action fails, allowing users to try again instantly.","✅ Error Handling, ✅ Retry UX",Combines failure alerts with an inline way to retry without leaving the current context.
37,Feedback Summary Snapshot,Display a compact summary of recent feedback trends or scores on a dashboard card.,"✅ UX Summary, ✅ Feedback Metrics",Shows recent ratings or sentiment trends in a glanceable dashboard component.
38,Audio Feedback Player,Let users play back audio clips submitted by others as part of feedback or support flow.,"✅ Media Feedback, ✅ Audio UX",Supports voice-based feedback by offering playback controls for audio submissions.
39,Multi-Step Feedback Wizard,"Guide users through a short, step-based form to leave structured feedback.","✅ Step UX, ✅ Form Logic",Breaks down longer feedback into manageable steps for higher completion rates.
40,Announcement Toast Scheduler,"Schedule toast messages to appear at specific times, like after login or post-action.","✅ Timed UX, ✅ Message Scheduling",Enables time-based toast triggers for key messages without relying on user action.
41,AI-Summarized Feedback View,Use AI to generate a short summary from raw user feedback entries on the admin side.,"✅ GenAI, ✅ Feedback Insights",Gives admins a quick overview of feedback trends by summarizing entries automatically.
42,Emotion Picker Widget,Create a widget with illustrated faces or icons for users to pick how they're feeling.,"✅ Mood UI, ✅ Feedback UX",Allows users to express emotional tone using visual mood selectors.
43,One-Click Follow-Up Request,Let users click a single button to ask for a follow-up from support or feedback teams.,"✅ UX Shortcut, ✅ Support Routing",Simplifies the process of asking for help after leaving feedback — no form needed.
