Name,Sub-Category,Tried
"Write a letter to your future self, sharing your current thoughts and feelings about your writing journey. What goals do you hope to achieve?",Writing,Yes
List five things you're grateful for and explain why they're meaningful to you.,Journaling,No
"Write a letter from a character in one of your stories to their younger self, offering advice and encouragement.",Creative,No
"Write a poem inspired by a piece of artwork, capturing the emotions it stirs within you.",Poetry,No
Write a philosophical poem that contemplates the interconnectedness of all living beings.,Philosophical,No
Imagine a world where genetic modification has led to the creation of bioluminescent plants and animals.,Scientific,No
Write a fictional account of a spy operating behind enemy lines during World War II.,Historical Scenario,No
Explore the dilemma of whether to give a person a second chance after they have made a serious mistake.,Ethical Dilemma,No
"In a land divided between elemental kingdoms, you are an elemental mage with the power to control fire. Describe your efforts to maintain balance and prevent war.",Fantasy Role-Playing,No
Write a persuasive landing page for a subscription-based cooking kit that highlights the convenience and culinary expertise it offers.,Copywriting,No
"Create a guide to developing a growth mindset, highlighting the power of embracing challenges and embracing learning.",Personal Development,No
Create a guide on debugging techniques and tools for identifying and resolving software issues efficiently.,Software Development,No
"Create a step-by-step guide for creating an effective social media marketing strategy, including content planning and audience targeting.",Marketing,No
Craft a LinkedIn article sharing your insights on a trending industry topic or offering valuable tips to your professional network.,SMM,No
Craft a list of practical tips for creating a clutter-free and organized living space to promote a sense of calm and well-being.,Health and Wellness,No
Write a reflective piece on your most memorable learning experience and how it shaped your perspective or career path.,Education and Learning,No
Craft a list of steps for scaling a business and expanding into new markets while maintaining quality and customer satisfaction.,Entrepreneurship,No
Write an article on the importance of teaching financial literacy to children and young adults to foster responsible money management habits.,Personal Finance,No
Write a blog post on the importance of personal branding and how to create a consistent and compelling online presence for career growth.,Career Development,No
Describe the power of context in language learning and how surrounding yourself with the language enhances comprehension and retention.,Effective Language Learning Strategies,No
